{
    "version": "0.1.0",
    "name": "swap",
    "instructions": [
      {
        "name": "initialize",
        "accounts": [
          {
            "name": "userAccount",
            "isMut": true,
            "isSigner": true
          },
          {
            "name": "user",
            "isMut": true,
            "isSigner": true
          },
          {
            "name": "systemProgram",
            "isMut": false,
            "isSigner": false
          }
        ],
        "args": []
      },
      {
        "name": "buy",
        "accounts": [
          {
            "name": "userAccount",
            "isMut": true,
            "isSigner": false
          }
        ],
        "args": [
          {
            "name": "amount",
            "type": "u64"
          }
        ]
      }
    ],
    "accounts": [
      {
        "name": "UserAccount",
        "type": {
          "kind": "struct",
          "fields": [
            {
              "name": "balance",
              "type": "u64"
            }
          ]
        }
      }
    ],
    "metadata": {
      "address": "5py8kTZgrijurcvPPz6iKW1pyzEM3rWcSaerNdkU7VK6"
    }
  }